INSERT INTO addresses (id, country, city, street, building, apartment, postal_code, address_note)
VALUES
  (1001, 'Россия', 'Москва', 'Тверская', '1', '10', '101000', 'Рядом с Кремлём'),
  (1002, 'Россия', 'Санкт-Петербург', 'Невский проспект', '25', '15', '190000', 'Вид на Эрмитаж'),
  (1003, 'Россия', 'Казань', 'Баумана', '5', NULL, '420111', 'Центральная улица'),
  (1004, 'Россия', 'Новосибирск', 'Ленина', '50', '8', '630000', 'Оперный театр поблизости'),
  (1005, 'Россия', 'Екатеринбург', 'Малышева', '15', '21', '620000', 'Исторический центр'),
  (1006, 'Россия', 'Нижний Новгород', 'Большая Покровская', '32', '7', '603005', 'Пешеходная зона'),
  (1007, 'Россия', 'Самара', 'Ленинградская', '12', '4', '443099', 'Рядом набережная'),
  (1008, 'Россия', 'Калининград', 'Советский проспект', '18', '27', '236022', 'Вид на Верхнее озеро'),
  (1009, 'Россия', 'Владивосток', 'Светланская', '9', '3', '690091', 'Поблизости бухта Золотой Рог'),
  (1010, 'Россия', 'Краснодар', 'Красная', '120', '56', '350000', 'Главная прогулочная улица'),
  (1011, 'Россия', 'Ростов-на-Дону', 'Пушкинская', '80', '14', '344002', 'Тихий зелёный район'),
  (1012, 'Россия', 'Пермь', 'Комсомольский проспект', '40', '19', '614045', 'Рядом театр оперы и балета'),
  (1013, 'Россия', 'Воронеж', 'Проспект Революции', '10', '6', '394036', 'Близко к парку Орлёнок'),
  (1014, 'Россия', 'Уфа', 'Октябрьской Революции', '5', '2', '450077', 'Старый центр'),
  (1015, 'Россия', 'Тюмень', 'Республики', '62', '11', '625000', 'Возле набережной Туры'),
  (1016, 'Россия', 'Иркутск', 'Карла Маркса', '15', '9', '664003', 'Исторические деревянные дома рядом'),
  (1017, 'Россия', 'Челябинск', 'Кирова', '25', '18', '454091', 'Пешеходная зона Кировка'),
  (1018, 'Россия', 'Сочи', 'Курортный проспект', '8', '5', '354000', 'Вид на море')
ON CONFLICT DO NOTHING;

INSERT INTO working_hours (id, monday, tuesday, wednesday, thursday, friday, saturday, sunday)
VALUES
  (2001, '09:00-22:00', '09:00-22:00', '09:00-22:00', '09:00-22:00', '09:00-23:00', '10:00-23:00', '10:00-22:00'),
  (2002, '10:00-21:00', '10:00-21:00', '10:00-21:00', '10:00-21:00', '10:00-22:00', '11:00-22:00', '11:00-21:00'),
  (2003, '08:00-20:00', '08:00-20:00', '08:00-20:00', '08:00-20:00', '08:00-21:00', '09:00-21:00', '09:00-20:00'),
  (2004, '11:00-23:00', '11:00-23:00', '11:00-23:00', '11:00-23:00', '11:00-00:00', '12:00-00:00', '12:00-23:00'),
  (2005, '07:00-19:00', '07:00-19:00', '07:00-19:00', '07:00-19:00', '07:00-20:00', '08:00-20:00', '08:00-19:00'),
  (2006, '12:00-22:00', '12:00-22:00', '12:00-22:00', '12:00-22:00', '12:00-23:00', '12:00-23:00', '12:00-22:00'),
  (2007, '10:00-20:00', '10:00-20:00', '10:00-20:00', '10:00-20:00', '10:00-21:00', '11:00-21:00', '11:00-20:00'),
  (2008, '06:00-18:00', '06:00-18:00', '06:00-18:00', '06:00-18:00', '06:00-19:00', '07:00-19:00', '07:00-18:00'),
  (2009, '09:30-21:30', '09:30-21:30', '09:30-21:30', '09:30-21:30', '09:30-22:00', '10:00-22:00', '10:00-21:30'),
  (2010, '08:30-20:30', '08:30-20:30', '08:30-20:30', '08:30-20:30', '08:30-21:00', '09:00-21:00', '09:00-20:30'),
  (2011, '11:30-23:30', '11:30-23:30', '11:30-23:30', '11:30-23:30', '11:30-00:00', '12:00-00:00', '12:00-23:30'),
  (2012, '07:30-19:30', '07:30-19:30', '07:30-19:30', '07:30-19:30', '07:30-20:00', '08:00-20:00', '08:00-19:30'),
  (2013, '10:30-22:30', '10:30-22:30', '10:30-22:30', '10:30-22:30', '10:30-23:00', '11:00-23:00', '11:00-22:30'),
  (2014, '09:15-21:15', '09:15-21:15', '09:15-21:15', '09:15-21:15', '09:15-22:00', '10:00-22:00', '10:00-21:15'),
  (2015, '08:15-20:15', '08:15-20:15', '08:15-20:15', '08:15-20:15', '08:15-21:00', '09:00-21:00', '09:00-20:15'),
  (2016, '12:30-23:30', '12:30-23:30', '12:30-23:30', '12:30-23:30', '12:30-00:30', '13:00-00:30', '13:00-23:30'),
  (2017, '06:30-18:30', '06:30-18:30', '06:30-18:30', '06:30-18:30', '06:30-19:00', '07:00-19:00', '07:00-18:30'),
  (2018, '10:45-21:45', '10:45-21:45', '10:45-21:45', '10:45-21:45', '10:45-22:15', '11:00-22:15', '11:00-21:45')
ON CONFLICT DO NOTHING;

INSERT INTO clients (id, name, phone, password_hash, email, address_id, status, is_active)
VALUES
  (3001, 'Анна Сергеева', '+79990000001', 'hash01', 'anna.sergeeva@test.local', 1001, 'ACTIVE', TRUE),
  (3002, 'Иван Петров', '+79990000002', 'hash02', 'ivan.petrov@test.local', 1002, 'ACTIVE', TRUE),
  (3003, 'Мария Орлова', '+79990000003', 'hash03', 'maria.orlova@test.local', 1003, 'ACTIVE', TRUE),
  (3004, 'Дмитрий Смирнов', '+79990000004', 'hash04', 'dmitry.smirnov@test.local', 1004, 'ACTIVE', TRUE),
  (3005, 'Екатерина Волкова', '+79990000005', 'hash05', 'ekaterina.volkova@test.local', 1005, 'ACTIVE', TRUE),
  (3006, 'Никита Соколов', '+79990000006', 'hash06', 'nikita.sokolov@test.local', 1006, 'ACTIVE', TRUE),
  (3007, 'Ольга Васильева', '+79990000007', 'hash07', 'olga.vasileva@test.local', 1007, 'ACTIVE', TRUE),
  (3008, 'Сергей Кузнецов', '+79990000008', 'hash08', 'sergey.kuznetsov@test.local', 1008, 'ACTIVE', TRUE),
  (3009, 'Юлия Фёдорова', '+79990000009', 'hash09', 'yulia.fedorova@test.local', 1009, 'ACTIVE', TRUE),
  (3010, 'Павел Морозов', '+79990000010', 'hash10', 'pavel.morozov@test.local', 1010, 'ACTIVE', TRUE),
  (3011, 'Светлана Белова', '+79990000011', 'hash11', 'svetlana.belova@test.local', 1011, 'ACTIVE', TRUE),
  (3012, 'Андрей Никитин', '+79990000012', 'hash12', 'andrey.nikitin@test.local', 1012, 'ACTIVE', TRUE),
  (3013, 'Ксения Миронова', '+79990000013', 'hash13', 'kseniya.mironova@test.local', 1013, 'ACTIVE', TRUE),
  (3014, 'Роман Захаров', '+79990000014', 'hash14', 'roman.zakharov@test.local', 1014, 'ACTIVE', TRUE),
  (3015, 'Людмила Ковалева', '+79990000015', 'hash15', 'lyudmila.kovaleva@test.local', 1015, 'ACTIVE', TRUE),
  (3016, 'Алексей Ефимов', '+79990000016', 'hash16', 'aleksey.efimov@test.local', 1016, 'ACTIVE', TRUE),
  (3017, 'Виктория Синицина', '+79990000017', 'hash17', 'viktoriya.sinitsina@test.local', 1017, 'ACTIVE', TRUE),
  (3018, 'Глеб Карпов', '+79990000018', 'hash18', 'gleb.karpov@test.local', 1018, 'ACTIVE', TRUE)
ON CONFLICT DO NOTHING;

INSERT INTO shops (shop_id, naming, description, public_email, email_for_auth, phone_for_auth, public_phone, status, address_id, working_hours_id, owner_name, owner_contact_phone, type, password)
VALUES
  (4001, 'Пицца "Дровяная"', 'Тонкое тесто и печь на дровах', 'hello@drovyana.ru', 'auth@drovyana.ru', '+78001000001', '+78002000001', 'OPEN', 1001, 2001, 'Роман Трофимов', '+78003000001', 'RESTAURANT', 'pwd01'),
  (4002, 'Суши "Маяк"', 'Рыба привозная каждое утро', 'contact@mayak-sushi.ru', 'auth@mayak-sushi.ru', '+78001000002', '+78002000002', 'OPEN', 1002, 2002, 'Станислав Корнилов', '+78003000002', 'RESTAURANT', 'pwd02'),
  (4003, 'Бургерная "Улица"', 'Гриль на открытом огне', 'info@burger-ulica.ru', 'auth@burger-ulica.ru', '+78001000003', '+78002000003', 'OPEN', 1003, 2003, 'Александр Левкин', '+78003000003', 'RESTAURANT', 'pwd03'),
  (4004, 'Веган-бар "Зелень"', 'Боулы и смузи', 'contact@greenbar.ru', 'auth@greenbar.ru', '+78001000004', '+78002000004', 'OPEN', 1004, 2004, 'Инга Фомина', '+78003000004', 'RESTAURANT', 'pwd04'),
  (4005, 'Столовая "Домашняя"', 'Домашняя кухня без полуфабрикатов', 'hello@domashnyaya.ru', 'auth@domashnyaya.ru', '+78001000005', '+78002000005', 'OPEN', 1005, 2005, 'Марина Тарасова', '+78003000005', 'CAFE', 'pwd05'),
  (4006, 'Пекарня "Утро"', 'Свежий хлеб и круассаны', 'bakery@utro.ru', 'auth@utro.ru', '+78001000006', '+78002000006', 'OPEN', 1006, 2006, 'Наталья Дьякова', '+78003000006', 'BAKERY', 'pwd06'),
  (4007, 'Лапшичная "Быстро"', 'Вок и супы', 'info@lapsha-bystro.ru', 'auth@lapsha-bystro.ru', '+78001000007', '+78002000007', 'OPEN', 1007, 2007, 'Максим Панин', '+78003000007', 'RESTAURANT', 'pwd07'),
  (4008, 'Кофейня "Тихий час"', 'Спешелти обжарка и десерты', 'coffee@tikhiychas.ru', 'auth@tikhiychas.ru', '+78001000008', '+78002000008', 'OPEN', 1008, 2008, 'Валерия Рудакова', '+78003000008', 'COFFEE', 'pwd08'),
  (4009, 'Хачапури "Батуми"', 'Адджарские и мегрельские хачапури', 'hello@batumi-hacha.ru', 'auth@batumi-hacha.ru', '+78001000009', '+78002000009', 'OPEN', 1009, 2009, 'Гия Мамулешвили', '+78003000009', 'RESTAURANT', 'pwd09'),
  (4010, 'Пельменная "Сибирская"', 'Рецепты из Омска и Тюмени', 'info@sib-pelmeni.ru', 'auth@sib-pelmeni.ru', '+78001000010', '+78002000010', 'OPEN', 1010, 2010, 'Олег Котов', '+78003000010', 'RESTAURANT', 'pwd10'),
  (4011, 'Паста-бар "Аль денте"', 'Свежая паста и соусы', 'hello@aldente.ru', 'auth@aldente.ru', '+78001000011', '+78002000011', 'OPEN', 1011, 2011, 'Нина Ветрова', '+78003000011', 'RESTAURANT', 'pwd11'),
  (4012, 'Шаурма "Бульвар"', 'Маринады по бакинскому рецепту', 'info@shaurmabulevard.ru', 'auth@shaurmabulevard.ru', '+78001000012', '+78002000012', 'OPEN', 1012, 2012, 'Эльдар Алиев', '+78003000012', 'RESTAURANT', 'pwd12'),
  (4013, 'Стейк-хаус "Уголь"', 'Сухое выдерживание и гриль', 'contact@ugol-steak.ru', 'auth@ugol-steak.ru', '+78001000013', '+78002000013', 'OPEN', 1013, 2013, 'Виталий Резник', '+78003000013', 'RESTAURANT', 'pwd13'),
  (4014, 'Супная "Горячая точка"', 'Крем-супы и бульоны', 'hello@goryachayatochka.ru', 'auth@goryachayatochka.ru', '+78001000014', '+78002000014', 'OPEN', 1014, 2014, 'Алина Киреева', '+78003000014', 'CAFE', 'pwd14'),
  (4015, 'Салатерия "Лист"', 'Лёгкие салаты и боулы', 'info@list-salad.ru', 'auth@list-salad.ru', '+78001000015', '+78002000015', 'OPEN', 1015, 2015, 'Галина Чернова', '+78003000015', 'RESTAURANT', 'pwd15'),
  (4016, 'Десертная "Карамель"', 'Торты и пирожные на заказ', 'sweet@karamel.ru', 'auth@karamel.ru', '+78001000016', '+78002000016', 'OPEN', 1016, 2016, 'Любовь Лапина', '+78003000016', 'BAKERY', 'pwd16')
ON CONFLICT DO NOTHING;

INSERT INTO products (product_id, shop_id, name, description, weight, price, category, is_available, cooking_time_minutes)
VALUES
  (5001, 4001, 'Пицца Пепперони', 'Тонкое тесто, моцарелла и колбаса', 0.55, 520.0, 'PIZZA', TRUE, 20),
  (5002, 4001, 'Пицца Четыре сыра', 'Моцарелла, горгонзола, чеддер, пармезан', 0.6, 560.0, 'PIZZA', TRUE, 22),
  (5003, 4002, 'Ролл Филадельфия', 'Лосось, сливочный сыр, огурец', 0.26, 540.0, 'SUSHI', TRUE, 18),
  (5004, 4002, 'Ролл Калифорния', 'Краб, авокадо, икра тобико', 0.24, 490.0, 'SUSHI', TRUE, 16),
  (5005, 4003, 'Бургер Классический', 'Говядина, cheddar, маринованный огурец', 0.32, 430.0, 'BURGER', TRUE, 15),
  (5006, 4003, 'Бургер Цыплёнок', 'Куриная котлета и сливочный соус', 0.3, 410.0, 'BURGER', TRUE, 14),
  (5007, 4004, 'Боул Зелёный', 'Киноа, авокадо, шпинат, кунжут', 0.45, 450.0, 'SALAD', TRUE, 12),
  (5008, 4004, 'Боул Тофу', 'Тофу, брокколи, арахисовый соус', 0.42, 430.0, 'SALAD', TRUE, 12),
  (5009, 4005, 'Суп Борщ', 'Свёкла, капуста, сметана', 0.4, 290.0, 'SOUP', TRUE, 20),
  (5010, 4005, 'Котлета по-домашнему', 'Говядина, картофельное пюре', 0.35, 340.0, 'MAIN', TRUE, 18),
  (5011, 4006, 'Круассан классический', 'Масляный слой и хрустящая корочка', 0.1, 120.0, 'BAKERY', TRUE, 10),
  (5012, 4006, 'Хлеб зерновой', 'Мука цельнозерновая, семечки', 0.7, 180.0, 'BAKERY', TRUE, 15),
  (5013, 4007, 'Лапша Удон с курицей', 'Обжаренная лапша с овощами', 0.5, 360.0, 'WOK', TRUE, 13),
  (5014, 4007, 'Суп Том Ям', 'Кокосовое молоко, креветки, лайм', 0.45, 520.0, 'SOUP', TRUE, 17),
  (5015, 4008, 'Капучино', 'Эспрессо с молочной пеной', 0.25, 210.0, 'COFFEE', TRUE, 7),
  (5016, 4008, 'Чизкейк Нью-Йорк', 'Сырный десерт на песочной основе', 0.18, 270.0, 'DESSERT', TRUE, 0),
  (5017, 4009, 'Хачапури по-аджарски', 'Сыр сулугуни и яйцо', 0.5, 430.0, 'BAKERY', TRUE, 16),
  (5018, 4010, 'Пельмени с говядиной', 'Домашняя лепка, сметана в комплекте', 0.4, 360.0, 'MAIN', TRUE, 15),
  (5019, 4011, 'Тальятелле с грибами', 'Сливочный соус и шампиньоны', 0.38, 470.0, 'PASTA', TRUE, 14),
  (5020, 4012, 'Шаурма классическая', 'Курица, соус тахини, овощи', 0.45, 320.0, 'SANDWICH', TRUE, 9),
  (5021, 4013, 'Стейк Рибай', 'Сухая выдержка 21 день', 0.35, 1350.0, 'STEAK', TRUE, 25),
  (5022, 4014, 'Крем-суп из тыквы', 'Тыква, сливки, мускатный орех', 0.42, 310.0, 'SOUP', TRUE, 14),
  (5023, 4015, 'Салат с киноа', 'Киноа, огурец, вяленые томаты', 0.33, 390.0, 'SALAD', TRUE, 11),
  (5024, 4016, 'Медовик', 'Торт с медовыми коржами и кремом', 0.22, 420.0, 'DESSERT', TRUE, 0)
ON CONFLICT DO NOTHING;

INSERT INTO couriers (id, name, password, phone_number, status, transport_type, current_balance, bank_card)
VALUES
  (6001, 'Павел Курьер', 'pwd01', '+79991000001', 'ON_SHIFT', 'BIKE', 1200.0, 1111222233334444),
  (6002, 'Егор Быстрый', 'pwd02', '+79991000002', 'ON_SHIFT', 'CAR', 800.0, 5555666677778888),
  (6003, 'Алина Точная', 'pwd03', '+79991000003', 'OFF_SHIFT', 'SCOOTER', 450.0, 9999888877776666),
  (6004, 'Григорий Надёжный', 'pwd04', '+79991000004', 'ON_SHIFT', 'FOOT', 60.0, 4444333322221111),
  (6005, 'Мария Быстрицкая', 'pwd05', '+79991000005', 'OFF_SHIFT', 'BIKE', 150.0, 1234123412341234),
  (6006, 'Константин Трал', 'pwd06', '+79991000006', 'ON_SHIFT', 'CAR', 910.0, 5678567856785678),
  (6007, 'Олег Финальный', 'pwd07', '+79991000007', 'OFF_SHIFT', 'SCOOTER', 300.0, 4321432143214321),
  (6008, 'Жанна Курьерова', 'pwd08', '+79991000008', 'ON_SHIFT', 'BIKE', 720.0, 8765876587658765),
  (6009, 'Тимур Оперативный', 'pwd09', '+79991000009', 'ON_SHIFT', 'CAR', 1320.0, 2143214321432143),
  (6010, 'Вера Пунктуальная', 'pwd10', '+79991000010', 'OFF_SHIFT', 'FOOT', 95.0, 7654765476547654),
  (6011, 'Савелий Маневренный', 'pwd11', '+79991000011', 'ON_SHIFT', 'SCOOTER', 610.0, 1357135713571357),
  (6012, 'Елизавета Быстрая', 'pwd12', '+79991000012', 'ON_SHIFT', 'BIKE', 430.0, 9753975397539753),
  (6013, 'Фёдор Усидчивый', 'pwd13', '+79991000013', 'OFF_SHIFT', 'CAR', 50.0, 6428642864286428),
  (6014, 'Ирина Доставкина', 'pwd14', '+79991000014', 'ON_SHIFT', 'FOOT', 180.0, 8021802180218021),
  (6015, 'Степан Тихий', 'pwd15', '+79991000015', 'ON_SHIFT', 'SCOOTER', 340.0, 9012901290129012),
  (6016, 'Лидия Позитив', 'pwd16', '+79991000016', 'ON_SHIFT', 'CAR', 760.0, 5500550055005500)
ON CONFLICT DO NOTHING;

INSERT INTO orders (id, status, customer_id, restaurant_id, delivery_address_id, delivery_address, courier_id, total_price, payment_status, payment_method, estimated_delivery_time)
VALUES
  (7001, 'CONFIRMED', 3001, 4001, 1001, 'Тверская, 1', 6001, 1040.0, 'PAID', 'CARD', NOW() + INTERVAL '45 minutes'),
  (7002, 'PENDING', 3002, 4002, 1002, 'Невский проспект, 25', 6002, 980.0, 'PENDING', 'CASH', NOW() + INTERVAL '55 minutes'),
  (7003, 'DELIVERED', 3003, 4003, 1003, 'Баумана, 5', 6003, 840.0, 'PAID', 'ONLINE', NOW() - INTERVAL '10 minutes'),
  (7004, 'CONFIRMED', 3004, 4004, 1004, 'Ленина, 50', 6004, 870.0, 'PAID', 'CARD', NOW() + INTERVAL '40 minutes'),
  (7005, 'READY_FOR_PICKUP', 3005, 4005, 1005, 'Малышева, 15', NULL, 630.0, 'PENDING', 'CASH', NOW() + INTERVAL '60 minutes'),
  (7006, 'CONFIRMED', 3006, 4006, 1006, 'Большая Покровская, 32', 6006, 300.0, 'PAID', 'ONLINE', NOW() + INTERVAL '30 minutes'),
  (7007, 'DELIVERED', 3007, 4007, 1007, 'Ленинградская, 12', 6007, 880.0, 'PAID', 'CARD', NOW() - INTERVAL '5 minutes'),
  (7008, 'CONFIRMED', 3008, 4008, 1008, 'Советский проспект, 18', 6008, 480.0, 'PAID', 'CARD', NOW() + INTERVAL '35 minutes'),
  (7009, 'DELIVERED', 3009, 4009, 1009, 'Светланская, 9', 6009, 430.0, 'PAID', 'ONLINE', NOW() - INTERVAL '20 minutes'),
  (7010, 'CONFIRMED', 3010, 4010, 1010, 'Красная, 120', 6010, 360.0, 'PAID', 'CARD', NOW() + INTERVAL '50 minutes'),
  (7011, 'DELIVERED', 3011, 4011, 1011, 'Пушкинская, 80', 6011, 470.0, 'PAID', 'ONLINE', NOW() - INTERVAL '2 minutes'),
  (7012, 'PENDING', 3012, 4012, 1012, 'Комсомольский проспект, 40', 6012, 320.0, 'PENDING', 'CASH', NOW() + INTERVAL '70 minutes'),
  (7013, 'CONFIRMED', 3013, 4013, 1013, 'Проспект Революции, 10', 6013, 1350.0, 'PAID', 'CARD', NOW() + INTERVAL '65 minutes'),
  (7014, 'DELIVERED', 3014, 4014, 1014, 'Октябрьской Революции, 5', 6014, 310.0, 'PAID', 'ONLINE', NOW() - INTERVAL '15 minutes'),
  (7015, 'CONFIRMED', 3015, 4015, 1015, 'Республики, 62', 6015, 390.0, 'PAID', 'CARD', NOW() + INTERVAL '25 minutes'),
  (7016, 'CONFIRMED', 3016, 4016, 1016, 'Карла Маркса, 15', 6016, 420.0, 'PAID', 'ONLINE', NOW() + INTERVAL '28 minutes'),
  (7017, 'READY_FOR_PICKUP', 3017, 4001, 1017, 'Кирова, 25', NULL, 520.0, 'PENDING', 'CASH', NOW() + INTERVAL '75 minutes'),
  (7018, 'DELIVERED', 3018, 4002, 1018, 'Курортный проспект, 8', 6002, 540.0, 'PAID', 'CARD', NOW() - INTERVAL '25 minutes')
ON CONFLICT DO NOTHING;

INSERT INTO order_items (id, order_id, product_id, product_name, quantity, price)
VALUES
  (8001, 7001, 5001, 'Пицца Пепперони', 1, 520.0),
  (8002, 7001, 5002, 'Пицца Четыре сыра', 1, 560.0),
  (8003, 7002, 5003, 'Ролл Филадельфия', 1, 540.0),
  (8004, 7002, 5004, 'Ролл Калифорния', 1, 490.0),
  (8005, 7003, 5005, 'Бургер Классический', 1, 430.0),
  (8006, 7003, 5006, 'Бургер Цыплёнок', 1, 410.0),
  (8007, 7004, 5007, 'Боул Зелёный', 1, 450.0),
  (8008, 7004, 5008, 'Боул Тофу', 1, 430.0),
  (8009, 7005, 5009, 'Суп Борщ', 2, 580.0),
  (8010, 7005, 5010, 'Котлета по-домашнему', 1, 340.0),
  (8011, 7006, 5011, 'Круассан классический', 2, 240.0),
  (8012, 7006, 5012, 'Хлеб зерновой', 1, 180.0),
  (8013, 7007, 5013, 'Лапша Удон с курицей', 2, 720.0),
  (8014, 7007, 5014, 'Суп Том Ям', 1, 520.0),
  (8015, 7008, 5015, 'Капучино', 2, 420.0),
  (8016, 7008, 5016, 'Чизкейк Нью-Йорк', 1, 270.0),
  (8017, 7009, 5017, 'Хачапури по-аджарски', 1, 430.0),
  (8018, 7010, 5018, 'Пельмени с говядиной', 1, 360.0),
  (8019, 7011, 5019, 'Тальятелле с грибами', 1, 470.0),
  (8020, 7012, 5020, 'Шаурма классическая', 1, 320.0),
  (8021, 7013, 5021, 'Стейк Рибай', 1, 1350.0),
  (8022, 7014, 5022, 'Крем-суп из тыквы', 1, 310.0),
  (8023, 7015, 5023, 'Салат с киноа', 1, 390.0),
  (8024, 7016, 5024, 'Медовик', 1, 420.0),
  (8025, 7017, 5001, 'Пицца Пепперони', 1, 520.0),
  (8026, 7018, 5003, 'Ролл Филадельфия', 1, 540.0)
ON CONFLICT DO NOTHING;

INSERT INTO carts (id, client_id)
VALUES
  (9001, 3001),
  (9002, 3002),
  (9003, 3003),
  (9004, 3004),
  (9005, 3005),
  (9006, 3006),
  (9007, 3007),
  (9008, 3008),
  (9009, 3009),
  (9010, 3010),
  (9011, 3011),
  (9012, 3012),
  (9013, 3013),
  (9014, 3014),
  (9015, 3015),
  (9016, 3016),
  (9017, 3017),
  (9018, 3018)
ON CONFLICT (client_id) DO NOTHING;

INSERT INTO cart_items (id, cart_id, product_id, product_name, quantity, price)
VALUES
  (9101, 9001, 5001, 'Пицца Пепперони', 1, 520.0),
  (9102, 9001, 5002, 'Пицца Четыре сыра', 1, 560.0),
  (9103, 9002, 5003, 'Ролл Филадельфия', 2, 1080.0),
  (9104, 9003, 5005, 'Бургер Классический', 1, 430.0),
  (9105, 9003, 5006, 'Бургер Цыплёнок', 1, 410.0),
  (9106, 9004, 5007, 'Боул Зелёный', 1, 450.0),
  (9107, 9004, 5008, 'Боул Тофу', 1, 430.0),
  (9108, 9005, 5009, 'Суп Борщ', 1, 290.0),
  (9109, 9005, 5010, 'Котлета по-домашнему', 1, 340.0),
  (9110, 9006, 5011, 'Круассан классический', 3, 360.0),
  (9111, 9007, 5013, 'Лапша Удон с курицей', 1, 360.0),
  (9112, 9007, 5014, 'Суп Том Ям', 1, 520.0),
  (9113, 9008, 5015, 'Капучино', 2, 420.0),
  (9114, 9008, 5016, 'Чизкейк Нью-Йорк', 1, 270.0),
  (9115, 9009, 5017, 'Хачапури по-аджарски', 2, 860.0),
  (9116, 9010, 5018, 'Пельмени с говядиной', 1, 360.0),
  (9117, 9011, 5019, 'Тальятелле с грибами', 1, 470.0),
  (9118, 9012, 5020, 'Шаурма классическая', 1, 320.0),
  (9119, 9013, 5021, 'Стейк Рибай', 1, 1350.0),
  (9120, 9014, 5022, 'Крем-суп из тыквы', 1, 310.0)
ON CONFLICT DO NOTHING;

INSERT INTO payments (id, order_id, amount, method, status)
VALUES
  (9201, 7001, 1040.0, 'CARD', 'PAID'),
  (9202, 7002, 980.0, 'CASH', 'PENDING'),
  (9203, 7003, 840.0, 'ONLINE', 'PAID'),
  (9204, 7004, 870.0, 'CARD', 'PAID'),
  (9205, 7005, 630.0, 'CASH', 'PENDING'),
  (9206, 7006, 300.0, 'ONLINE', 'PAID'),
  (9207, 7007, 880.0, 'CARD', 'PAID'),
  (9208, 7008, 480.0, 'CARD', 'PAID'),
  (9209, 7009, 430.0, 'ONLINE', 'PAID'),
  (9210, 7010, 360.0, 'CARD', 'PAID'),
  (9211, 7011, 470.0, 'ONLINE', 'PAID'),
  (9212, 7012, 320.0, 'CASH', 'PENDING'),
  (9213, 7013, 1350.0, 'CARD', 'PAID'),
  (9214, 7014, 310.0, 'ONLINE', 'PAID'),
  (9215, 7015, 390.0, 'CARD', 'PAID'),
  (9216, 7016, 420.0, 'ONLINE', 'PAID'),
  (9217, 7017, 520.0, 'CASH', 'PENDING'),
  (9218, 7018, 540.0, 'CARD', 'PAID')
ON CONFLICT DO NOTHING;